comparison,axis,baseline,target,a,b,spearman,top50_jaccard
seed,shared,zero,coordinate_sum,0,1,0.8180610012802676,0.21951219512195122
seed,shared,zero,coordinate_sum,0,2,0.8185632980613075,0.16279069767441862
seed,shared,zero,coordinate_sum,1,2,0.8384373071420582,0.3888888888888889
seed,shared,zero,norm_squared,0,1,0.7786262782814534,0.20481927710843373
seed,shared,zero,norm_squared,0,2,0.8311445268218968,0.19047619047619047
seed,shared,zero,norm_squared,1,2,0.8791089874308433,0.639344262295082
seed,shared,control_median,coordinate_sum,0,1,0.8135113378111793,0.17647058823529413
seed,shared,control_median,coordinate_sum,0,2,0.81042496729951,0.19047619047619047
seed,shared,control_median,coordinate_sum,1,2,0.8312293331837785,0.4084507042253521
seed,shared,control_median,norm_squared,0,1,0.765477852167129,0.21951219512195122
seed,shared,control_median,norm_squared,0,2,0.8241624678858065,0.2345679012345679
seed,shared,control_median,norm_squared,1,2,0.8691041574073095,0.5625
seed,drug0,zero,coordinate_sum,0,1,0.9247498201839659,0.28205128205128205
seed,drug0,zero,coordinate_sum,0,2,0.9280822002226785,0.26582278481012656
seed,drug0,zero,coordinate_sum,1,2,0.9292578929894303,0.26582278481012656
seed,drug0,zero,norm_squared,0,1,0.9214076020494651,0.28205128205128205
seed,drug0,zero,norm_squared,0,2,0.9072993914813361,0.26582278481012656
seed,drug0,zero,norm_squared,1,2,0.9251492673995442,0.2345679012345679
seed,drug0,control_median,coordinate_sum,0,1,0.9148997676638744,0.20481927710843373
seed,drug0,control_median,coordinate_sum,0,2,0.9165608773550777,0.19047619047619047
seed,drug0,control_median,coordinate_sum,1,2,0.9191926596149256,0.19047619047619047
seed,drug0,control_median,norm_squared,0,1,0.904426652849347,0.12359550561797752
seed,drug0,control_median,norm_squared,0,2,0.9065170869240757,0.19047619047619047
seed,drug0,control_median,norm_squared,1,2,0.9179970524016695,0.17647058823529413
seed,drug1,zero,coordinate_sum,0,1,0.8582650555454863,0.26582278481012656
seed,drug1,zero,coordinate_sum,0,2,0.8660681301989344,0.35135135135135137
seed,drug1,zero,coordinate_sum,1,2,0.8278174122529438,0.21951219512195122
seed,drug1,zero,norm_squared,0,1,0.820756794815556,0.3157894736842105
seed,drug1,zero,norm_squared,0,2,0.9033656213295497,0.42857142857142855
seed,drug1,zero,norm_squared,1,2,0.7721740524846206,0.0989010989010989
seed,drug1,control_median,coordinate_sum,0,1,0.843827284468611,0.20481927710843373
seed,drug1,control_median,coordinate_sum,0,2,0.844689028400069,0.2345679012345679
seed,drug1,control_median,coordinate_sum,1,2,0.8118603823037535,0.20481927710843373
seed,drug1,control_median,norm_squared,0,1,0.7954192152843143,0.12359550561797752
seed,drug1,control_median,norm_squared,0,2,0.8984182342465309,0.35135135135135137
seed,drug1,control_median,norm_squared,1,2,0.735743900306993,0.02040816326530612
baseline,shared,paired,coordinate_sum,0,0,0.9883975378955704,0.8867924528301887
baseline,shared,paired,norm_squared,0,0,0.9902196769064762,0.7543859649122807
baseline,drug0,paired,coordinate_sum,0,0,0.9854530631423484,0.639344262295082
baseline,drug0,paired,norm_squared,0,0,0.9533612240050013,0.21951219512195122
baseline,drug1,paired,coordinate_sum,0,0,0.9850095671121495,0.6949152542372882
baseline,drug1,paired,norm_squared,0,0,0.9917334841467581,0.5625
baseline,shared,paired,coordinate_sum,1,1,0.9862210016895055,0.6949152542372882
baseline,shared,paired,norm_squared,1,1,0.991002241067823,0.7857142857142857
baseline,drug0,paired,coordinate_sum,1,1,0.9826492608246246,0.5873015873015873
baseline,drug0,paired,norm_squared,1,1,0.9744676819057358,0.47058823529411764
baseline,drug1,paired,coordinate_sum,1,1,0.9835225581152086,0.6949152542372882
baseline,drug1,paired,norm_squared,1,1,0.9800679498950836,0.5384615384615384
baseline,shared,paired,coordinate_sum,2,2,0.9899924500414464,0.7543859649122807
baseline,shared,paired,norm_squared,2,2,0.988789511545567,0.7241379310344828
baseline,drug0,paired,coordinate_sum,2,2,0.9712450310903895,0.47058823529411764
baseline,drug0,paired,norm_squared,2,2,0.973669967752837,0.5873015873015873
baseline,drug1,paired,coordinate_sum,2,2,0.9840303741158605,0.6949152542372882
baseline,drug1,paired,norm_squared,2,2,0.987590984443503,0.639344262295082
cell_bootstrap,shared,zero,norm_squared,0,0,0.9508604834656886,0.7543859649122807
cell_bootstrap,shared,zero,norm_squared,0,1,0.9308668788191701,0.7543859649122807
cell_bootstrap,shared,zero,norm_squared,0,2,0.9107612605586561,0.639344262295082
cell_bootstrap,shared,zero,norm_squared,0,3,0.9484836341591126,0.6129032258064516
cell_bootstrap,shared,zero,norm_squared,0,4,0.9203536014729683,0.6129032258064516
cell_bootstrap,shared,zero,norm_squared,0,5,0.9619321355401341,0.7241379310344828
cell_bootstrap,shared,zero,norm_squared,0,6,0.8986899389118653,0.639344262295082
cell_bootstrap,shared,zero,norm_squared,0,7,0.9038444075044668,0.5384615384615384
cell_bootstrap,shared,zero,norm_squared,0,8,0.9683953410526422,0.6949152542372882
cell_bootstrap,shared,zero,norm_squared,0,9,0.9538554275188214,0.8867924528301887
cell_bootstrap,shared,zero,norm_squared,0,10,0.8608771422966935,0.3888888888888889
cell_bootstrap,shared,zero,norm_squared,0,11,0.9232102064838681,0.5384615384615384
cell_bootstrap,shared,zero,norm_squared,0,12,0.9670013329302155,0.8181818181818182
cell_bootstrap,shared,zero,norm_squared,0,13,0.9331586748447303,0.7543859649122807
cell_bootstrap,shared,zero,norm_squared,0,14,0.9106797939142603,0.4925373134328358
cell_bootstrap,shared,zero,norm_squared,0,15,0.9751639901656105,0.7857142857142857
cell_bootstrap,shared,zero,norm_squared,0,16,0.9591905876547593,0.7543859649122807
cell_bootstrap,shared,zero,norm_squared,0,17,0.9384936266276177,0.4492753623188406
cell_bootstrap,shared,zero,norm_squared,0,18,0.896752308650434,0.6949152542372882
cell_bootstrap,shared,zero,norm_squared,0,19,0.9354816450148922,0.6129032258064516
cell_bootstrap,shared,zero,norm_squared,0,20,0.9316551061762927,0.639344262295082
cell_bootstrap,shared,zero,norm_squared,0,21,0.9264211916021804,0.35135135135135137
cell_bootstrap,shared,zero,norm_squared,0,22,0.9545243611530011,0.7543859649122807
cell_bootstrap,shared,zero,norm_squared,0,23,0.9484399469401706,0.7241379310344828
cell_bootstrap,shared,zero,norm_squared,0,24,0.9493987283413612,0.6666666666666666
cell_bootstrap,shared,zero,norm_squared,0,25,0.9330649877279472,0.6666666666666666
cell_bootstrap,shared,zero,norm_squared,0,26,0.9233750324223726,0.6129032258064516
cell_bootstrap,shared,zero,norm_squared,0,27,0.8964566688132692,0.47058823529411764
cell_bootstrap,shared,zero,norm_squared,0,28,0.9080332681615289,0.5625
cell_bootstrap,shared,zero,norm_squared,0,29,0.8960732907913412,0.5873015873015873
cell_bootstrap,shared,zero,norm_squared,0,30,0.9061069181302891,0.5873015873015873
cell_bootstrap,shared,zero,norm_squared,0,31,0.9173171882548068,0.6129032258064516
cell_bootstrap,shared,zero,norm_squared,0,32,0.9275639474684971,0.6666666666666666
cell_bootstrap,shared,zero,norm_squared,0,33,0.9222411879845038,0.5625
cell_bootstrap,shared,zero,norm_squared,0,34,0.9293784412083769,0.5873015873015873
cell_bootstrap,shared,zero,norm_squared,0,35,0.9571639749466967,0.639344262295082
cell_bootstrap,shared,zero,norm_squared,0,36,0.9553595539307329,0.5873015873015873
cell_bootstrap,shared,zero,norm_squared,0,37,0.9391705419965812,0.5873015873015873
cell_bootstrap,shared,zero,norm_squared,0,38,0.9236713384195842,0.6129032258064516
cell_bootstrap,shared,zero,norm_squared,0,39,0.9199574663681818,0.6949152542372882
cell_bootstrap,shared,zero,norm_squared,0,40,0.9593582186246719,0.6666666666666666
cell_bootstrap,shared,zero,norm_squared,0,41,0.9800497385862817,0.7857142857142857
cell_bootstrap,shared,zero,norm_squared,0,42,0.9257278980421748,0.4925373134328358
cell_bootstrap,shared,zero,norm_squared,0,43,0.9558694085150727,0.7857142857142857
cell_bootstrap,shared,zero,norm_squared,0,44,0.9823753763834772,0.7857142857142857
cell_bootstrap,shared,zero,norm_squared,0,45,0.9592695656031821,0.5384615384615384
cell_bootstrap,shared,zero,norm_squared,0,46,0.930141399434107,0.6129032258064516
cell_bootstrap,shared,zero,norm_squared,0,47,0.8279147890000869,0.5384615384615384
cell_bootstrap,shared,zero,norm_squared,0,48,0.9612344478860432,0.639344262295082
cell_bootstrap,shared,zero,norm_squared,0,49,0.9168819285462178,0.47058823529411764
cell_bootstrap,shared,zero,norm_squared,0,50,0.9650054002028784,0.639344262295082
cell_bootstrap,shared,zero,norm_squared,0,51,0.9311917644163477,0.5625
cell_bootstrap,shared,zero,norm_squared,0,52,0.8970804393379999,0.4925373134328358
cell_bootstrap,shared,zero,norm_squared,0,53,0.9045261556619042,0.47058823529411764
cell_bootstrap,shared,zero,norm_squared,0,54,0.9288845292197343,0.4925373134328358
cell_bootstrap,shared,zero,norm_squared,0,55,0.9614550557916323,0.6129032258064516
cell_bootstrap,shared,zero,norm_squared,0,56,0.9743521582093179,0.8181818181818182
cell_bootstrap,shared,zero,norm_squared,0,57,0.9331998572779033,0.6666666666666666
cell_bootstrap,shared,zero,norm_squared,0,58,0.9336590863004018,0.5625
cell_bootstrap,shared,zero,norm_squared,0,59,0.9699331576516131,0.7857142857142857
cell_bootstrap,shared,zero,norm_squared,0,60,0.9216848650848911,0.6129032258064516
cell_bootstrap,shared,zero,norm_squared,0,61,0.9259123789433497,0.6666666666666666
cell_bootstrap,shared,zero,norm_squared,0,62,0.934299463374157,0.5151515151515151
cell_bootstrap,shared,zero,norm_squared,0,63,0.9192236297950054,0.35135135135135137
cell_bootstrap,shared,zero,norm_squared,0,64,0.9247410141033289,0.6129032258064516
cell_bootstrap,shared,zero,norm_squared,0,65,0.9595877740810289,0.7241379310344828
cell_bootstrap,shared,zero,norm_squared,0,66,0.9087462478915953,0.47058823529411764
cell_bootstrap,shared,zero,norm_squared,0,67,0.9147020705145885,0.5873015873015873
cell_bootstrap,shared,zero,norm_squared,0,68,0.9480121845373517,0.5873015873015873
cell_bootstrap,shared,zero,norm_squared,0,69,0.9396238563553905,0.6949152542372882
cell_bootstrap,shared,zero,norm_squared,0,70,0.9613706962829139,0.7543859649122807
cell_bootstrap,shared,zero,norm_squared,0,71,0.9609310000674026,0.7543859649122807
cell_bootstrap,shared,zero,norm_squared,0,72,0.9627277972627001,0.5873015873015873
cell_bootstrap,shared,zero,norm_squared,0,73,0.9601772970322012,0.5873015873015873
cell_bootstrap,shared,zero,norm_squared,0,74,0.9639375154083625,0.4084507042253521
cell_bootstrap,shared,zero,norm_squared,0,75,0.9306801703897549,0.5151515151515151
cell_bootstrap,shared,zero,norm_squared,0,76,0.9574190099014039,0.6129032258064516
cell_bootstrap,shared,zero,norm_squared,0,77,0.939739509123292,0.6666666666666666
cell_bootstrap,shared,zero,norm_squared,0,78,0.9396968805424115,0.7543859649122807
cell_bootstrap,shared,zero,norm_squared,0,79,0.9273745854930099,0.3888888888888889
cell_bootstrap,shared,zero,norm_squared,0,80,0.931160837156623,0.639344262295082
cell_bootstrap,shared,zero,norm_squared,0,81,0.9786193716972176,0.7543859649122807
cell_bootstrap,shared,zero,norm_squared,0,82,0.9741177673441385,0.7857142857142857
cell_bootstrap,shared,zero,norm_squared,0,83,0.9333771404270311,0.7857142857142857
cell_bootstrap,shared,zero,norm_squared,0,84,0.929190422068193,0.6949152542372882
cell_bootstrap,shared,zero,norm_squared,0,85,0.8712413290416204,0.5151515151515151
cell_bootstrap,shared,zero,norm_squared,0,86,0.951330485216762,0.7543859649122807
cell_bootstrap,shared,zero,norm_squared,0,87,0.9337840193241089,0.5625
cell_bootstrap,shared,zero,norm_squared,0,88,0.9197571360388767,0.47058823529411764
cell_bootstrap,shared,zero,norm_squared,0,89,0.8866874878314268,0.5151515151515151
cell_bootstrap,shared,zero,norm_squared,0,90,0.9155178966097232,0.639344262295082
cell_bootstrap,shared,zero,norm_squared,0,91,0.9325065069553052,0.6129032258064516
cell_bootstrap,shared,zero,norm_squared,0,92,0.9526683449406307,0.639344262295082
cell_bootstrap,shared,zero,norm_squared,0,93,0.9664551189266845,0.6666666666666666
cell_bootstrap,shared,zero,norm_squared,0,94,0.9522161025227386,0.639344262295082
cell_bootstrap,shared,zero,norm_squared,0,95,0.9537014188242419,0.6129032258064516
cell_bootstrap,shared,zero,norm_squared,0,96,0.9772616221100023,0.6666666666666666
cell_bootstrap,shared,zero,norm_squared,0,97,0.9235008955021716,0.4925373134328358
cell_bootstrap,shared,zero,norm_squared,0,98,0.9361719793629789,0.5625
cell_bootstrap,shared,zero,norm_squared,0,99,0.9356187867913036,0.5151515151515151
cell_bootstrap,drug0,zero,norm_squared,0,0,0.9494222805705204,0.5625
cell_bootstrap,drug0,zero,norm_squared,0,1,0.9315885245800121,0.7241379310344828
cell_bootstrap,drug0,zero,norm_squared,0,2,0.9214670872050038,0.6129032258064516
cell_bootstrap,drug0,zero,norm_squared,0,3,0.9668229692345796,0.8867924528301887
cell_bootstrap,drug0,zero,norm_squared,0,4,0.9522067440043621,0.8181818181818182
cell_bootstrap,drug0,zero,norm_squared,0,5,0.9215975863832303,0.4492753623188406
cell_bootstrap,drug0,zero,norm_squared,0,6,0.8872320704957558,0.7241379310344828
cell_bootstrap,drug0,zero,norm_squared,0,7,0.9174937250026447,0.3698630136986301
cell_bootstrap,drug0,zero,norm_squared,0,8,0.8890289243514135,0.7241379310344828
cell_bootstrap,drug0,zero,norm_squared,0,9,0.9646614159553727,0.8181818181818182
cell_bootstrap,drug0,zero,norm_squared,0,10,0.9086543550993045,0.6666666666666666
cell_bootstrap,drug0,zero,norm_squared,0,11,0.8996224363009091,0.639344262295082
cell_bootstrap,drug0,zero,norm_squared,0,12,0.9442636745297441,0.5384615384615384
cell_bootstrap,drug0,zero,norm_squared,0,13,0.9662848233774081,0.8518518518518519
cell_bootstrap,drug0,zero,norm_squared,0,14,0.9654377011789799,0.4925373134328358
cell_bootstrap,drug0,zero,norm_squared,0,15,0.9701561898854578,0.7543859649122807
cell_bootstrap,drug0,zero,norm_squared,0,16,0.9009692478188068,0.42857142857142855
cell_bootstrap,drug0,zero,norm_squared,0,17,0.9519645455721213,0.8867924528301887
cell_bootstrap,drug0,zero,norm_squared,0,18,0.9047884638163122,0.6949152542372882
cell_bootstrap,drug0,zero,norm_squared,0,19,0.8981639240274348,0.7857142857142857
cell_bootstrap,drug0,zero,norm_squared,0,20,0.9471301483737388,0.6949152542372882
cell_bootstrap,drug0,zero,norm_squared,0,21,0.9351538161797884,0.639344262295082
cell_bootstrap,drug0,zero,norm_squared,0,22,0.9396009727432376,0.5873015873015873
cell_bootstrap,drug0,zero,norm_squared,0,23,0.9613313040156449,0.6949152542372882
cell_bootstrap,drug0,zero,norm_squared,0,24,0.8849343409507032,0.6949152542372882
cell_bootstrap,drug0,zero,norm_squared,0,25,0.902392861484577,0.6129032258064516
cell_bootstrap,drug0,zero,norm_squared,0,26,0.8986783125186604,0.5151515151515151
cell_bootstrap,drug0,zero,norm_squared,0,27,0.9478402757190371,0.8867924528301887
cell_bootstrap,drug0,zero,norm_squared,0,28,0.955992208205576,0.47058823529411764
cell_bootstrap,drug0,zero,norm_squared,0,29,0.9314574490166672,0.47058823529411764
cell_bootstrap,drug0,zero,norm_squared,0,30,0.9645751527798251,0.639344262295082
cell_bootstrap,drug0,zero,norm_squared,0,31,0.8937930033380225,0.7241379310344828
cell_bootstrap,drug0,zero,norm_squared,0,32,0.9548808708520788,0.3888888888888889
cell_bootstrap,drug0,zero,norm_squared,0,33,0.9667220273801168,0.8867924528301887
cell_bootstrap,drug0,zero,norm_squared,0,34,0.9548181156084424,0.7857142857142857
cell_bootstrap,drug0,zero,norm_squared,0,35,0.9557000759397603,0.5625
cell_bootstrap,drug0,zero,norm_squared,0,36,0.894851033612622,0.639344262295082
cell_bootstrap,drug0,zero,norm_squared,0,37,0.9121299178789325,0.3888888888888889
cell_bootstrap,drug0,zero,norm_squared,0,38,0.9482910408979194,0.6949152542372882
cell_bootstrap,drug0,zero,norm_squared,0,39,0.9282948217300679,0.7241379310344828
cell_bootstrap,drug0,zero,norm_squared,0,40,0.9335688012191069,0.6129032258064516
cell_bootstrap,drug0,zero,norm_squared,0,41,0.9599848699888095,0.3333333333333333
cell_bootstrap,drug0,zero,norm_squared,0,42,0.9601219562953873,0.8181818181818182
cell_bootstrap,drug0,zero,norm_squared,0,43,0.9596237705329097,0.639344262295082
cell_bootstrap,drug0,zero,norm_squared,0,44,0.9451035184151769,0.6949152542372882
cell_bootstrap,drug0,zero,norm_squared,0,45,0.9025768715399839,0.7241379310344828
cell_bootstrap,drug0,zero,norm_squared,0,46,0.940275384898385,0.5873015873015873
cell_bootstrap,drug0,zero,norm_squared,0,47,0.9446378592006613,0.5873015873015873
cell_bootstrap,drug0,zero,norm_squared,0,48,0.8903382913484111,0.6129032258064516
cell_bootstrap,drug0,zero,norm_squared,0,49,0.897554010987754,0.4492753623188406
cell_bootstrap,drug0,zero,norm_squared,0,50,0.8940080337799371,0.5151515151515151
cell_bootstrap,drug0,zero,norm_squared,0,51,0.9471766990657228,0.6129032258064516
cell_bootstrap,drug0,zero,norm_squared,0,52,0.8871970151307594,0.6129032258064516
cell_bootstrap,drug0,zero,norm_squared,0,53,0.9581878131964122,0.9230769230769231
cell_bootstrap,drug0,zero,norm_squared,0,54,0.8929636107560187,0.7543859649122807
cell_bootstrap,drug0,zero,norm_squared,0,55,0.9341359653859962,0.639344262295082
cell_bootstrap,drug0,zero,norm_squared,0,56,0.8925210841013257,0.6949152542372882
cell_bootstrap,drug0,zero,norm_squared,0,57,0.9574774644311377,0.6949152542372882
cell_bootstrap,drug0,zero,norm_squared,0,58,0.9694794266776693,0.9230769230769231
cell_bootstrap,drug0,zero,norm_squared,0,59,0.8907736927464369,0.6129032258064516
cell_bootstrap,drug0,zero,norm_squared,0,60,0.869365189491896,0.639344262295082
cell_bootstrap,drug0,zero,norm_squared,0,61,0.9653859780177729,0.7857142857142857
cell_bootstrap,drug0,zero,norm_squared,0,62,0.9015752531773159,0.7857142857142857
cell_bootstrap,drug0,zero,norm_squared,0,63,0.8943949782899095,0.6666666666666666
cell_bootstrap,drug0,zero,norm_squared,0,64,0.8873883623136946,0.6949152542372882
cell_bootstrap,drug0,zero,norm_squared,0,65,0.9060598030253745,0.6666666666666666
cell_bootstrap,drug0,zero,norm_squared,0,66,0.9458436611303115,0.5873015873015873
cell_bootstrap,drug0,zero,norm_squared,0,67,0.9013759451669816,0.6129032258064516
cell_bootstrap,drug0,zero,norm_squared,0,68,0.9500410853982114,0.8181818181818182
cell_bootstrap,drug0,zero,norm_squared,0,69,0.9397772825030453,0.6666666666666666
cell_bootstrap,drug0,zero,norm_squared,0,70,0.957624044783632,0.7543859649122807
cell_bootstrap,drug0,zero,norm_squared,0,71,0.9575603818602625,0.5151515151515151
cell_bootstrap,drug0,zero,norm_squared,0,72,0.878410845881451,0.6949152542372882
cell_bootstrap,drug0,zero,norm_squared,0,73,0.9689391333026788,0.8518518518518519
cell_bootstrap,drug0,zero,norm_squared,0,74,0.957128380951943,0.639344262295082
cell_bootstrap,drug0,zero,norm_squared,0,75,0.9149672878516758,0.7241379310344828
cell_bootstrap,drug0,zero,norm_squared,0,76,0.8951636830869129,0.6666666666666666
cell_bootstrap,drug0,zero,norm_squared,0,77,0.9229214619937173,0.4925373134328358
cell_bootstrap,drug0,zero,norm_squared,0,78,0.9532304882231017,0.639344262295082
cell_bootstrap,drug0,zero,norm_squared,0,79,0.9453812459904756,0.8518518518518519
cell_bootstrap,drug0,zero,norm_squared,0,80,0.9111287339768529,0.7857142857142857
cell_bootstrap,drug0,zero,norm_squared,0,81,0.9487536854335528,0.8181818181818182
cell_bootstrap,drug0,zero,norm_squared,0,82,0.8721936573416896,0.6666666666666666
cell_bootstrap,drug0,zero,norm_squared,0,83,0.8990984311462407,0.6666666666666666
cell_bootstrap,drug0,zero,norm_squared,0,84,0.9554962070625016,0.5873015873015873
cell_bootstrap,drug0,zero,norm_squared,0,85,0.8790042974308142,0.6949152542372882
cell_bootstrap,drug0,zero,norm_squared,0,86,0.9726993340627149,0.6666666666666666
cell_bootstrap,drug0,zero,norm_squared,0,87,0.9351962060277343,0.5151515151515151
cell_bootstrap,drug0,zero,norm_squared,0,88,0.896095149536699,0.6129032258064516
cell_bootstrap,drug0,zero,norm_squared,0,89,0.9532555565325774,0.7857142857142857
cell_bootstrap,drug0,zero,norm_squared,0,90,0.8904071832348036,0.639344262295082
cell_bootstrap,drug0,zero,norm_squared,0,91,0.9491098107084672,0.6666666666666666
cell_bootstrap,drug0,zero,norm_squared,0,92,0.9443130965185247,0.47058823529411764
cell_bootstrap,drug0,zero,norm_squared,0,93,0.8928887198753681,0.7857142857142857
cell_bootstrap,drug0,zero,norm_squared,0,94,0.9592888134822216,0.8181818181818182
cell_bootstrap,drug0,zero,norm_squared,0,95,0.957300668474448,0.3888888888888889
cell_bootstrap,drug0,zero,norm_squared,0,96,0.8764685015507597,0.5873015873015873
cell_bootstrap,drug0,zero,norm_squared,0,97,0.9059336513617547,0.639344262295082
cell_bootstrap,drug0,zero,norm_squared,0,98,0.9084864750685375,0.7857142857142857
cell_bootstrap,drug0,zero,norm_squared,0,99,0.9236180738499101,0.6129032258064516
cell_bootstrap,drug1,zero,norm_squared,0,0,0.8768482934078086,0.3157894736842105
cell_bootstrap,drug1,zero,norm_squared,0,1,0.9605424594750367,0.5873015873015873
cell_bootstrap,drug1,zero,norm_squared,0,2,0.9827465623538538,0.9607843137254902
cell_bootstrap,drug1,zero,norm_squared,0,3,0.9614245033877735,0.7857142857142857
cell_bootstrap,drug1,zero,norm_squared,0,4,0.9584262092411869,0.639344262295082
cell_bootstrap,drug1,zero,norm_squared,0,5,0.9799189935866979,0.6666666666666666
cell_bootstrap,drug1,zero,norm_squared,0,6,0.8869836467981908,0.2987012987012987
cell_bootstrap,drug1,zero,norm_squared,0,7,0.9680586478027133,0.639344262295082
cell_bootstrap,drug1,zero,norm_squared,0,8,0.7847493998468908,0.21951219512195122
cell_bootstrap,drug1,zero,norm_squared,0,9,0.9578043398097614,0.6666666666666666
cell_bootstrap,drug1,zero,norm_squared,0,10,0.9634713919188989,0.5873015873015873
cell_bootstrap,drug1,zero,norm_squared,0,11,0.8826759375501313,0.3888888888888889
cell_bootstrap,drug1,zero,norm_squared,0,12,0.8641794311539474,0.3157894736842105
cell_bootstrap,drug1,zero,norm_squared,0,13,0.9821263817709255,0.7241379310344828
cell_bootstrap,drug1,zero,norm_squared,0,14,0.9644870187120121,0.8867924528301887
cell_bootstrap,drug1,zero,norm_squared,0,15,0.8998028123364356,0.5873015873015873
cell_bootstrap,drug1,zero,norm_squared,0,16,0.9581751857891253,0.6129032258064516
cell_bootstrap,drug1,zero,norm_squared,0,17,0.9807650155223017,0.6666666666666666
cell_bootstrap,drug1,zero,norm_squared,0,18,0.9691532737373953,0.6666666666666666
cell_bootstrap,drug1,zero,norm_squared,0,19,0.9641754827704895,0.6949152542372882
cell_bootstrap,drug1,zero,norm_squared,0,20,0.8662418084272887,0.28205128205128205
cell_bootstrap,drug1,zero,norm_squared,0,21,0.9680782067728956,0.7241379310344828
cell_bootstrap,drug1,zero,norm_squared,0,22,0.9753186859949936,0.8181818181818182
cell_bootstrap,drug1,zero,norm_squared,0,23,0.9842930583089958,0.7543859649122807
cell_bootstrap,drug1,zero,norm_squared,0,24,0.9634158726146532,0.5625
cell_bootstrap,drug1,zero,norm_squared,0,25,0.873276640177982,0.2987012987012987
cell_bootstrap,drug1,zero,norm_squared,0,26,0.9724372679821064,0.5625
cell_bootstrap,drug1,zero,norm_squared,0,27,0.89077838273523,0.3888888888888889
cell_bootstrap,drug1,zero,norm_squared,0,28,0.8075184702265672,0.2987012987012987
cell_bootstrap,drug1,zero,norm_squared,0,29,0.9781224036145794,0.7241379310344828
cell_bootstrap,drug1,zero,norm_squared,0,30,0.9202718477370685,0.5625
cell_bootstrap,drug1,zero,norm_squared,0,31,0.885361612915006,0.35135135135135137
cell_bootstrap,drug1,zero,norm_squared,0,32,0.8934103090622098,0.6949152542372882
cell_bootstrap,drug1,zero,norm_squared,0,33,0.9533741461459899,0.7857142857142857
cell_bootstrap,drug1,zero,norm_squared,0,34,0.9576018162537374,0.5151515151515151
cell_bootstrap,drug1,zero,norm_squared,0,35,0.9174938936502157,0.5151515151515151
cell_bootstrap,drug1,zero,norm_squared,0,36,0.9639816827772368,0.5625
cell_bootstrap,drug1,zero,norm_squared,0,37,0.8628976802691154,0.2987012987012987
cell_bootstrap,drug1,zero,norm_squared,0,38,0.9608819423199764,0.6666666666666666
cell_bootstrap,drug1,zero,norm_squared,0,39,0.968512485699413,0.8181818181818182
cell_bootstrap,drug1,zero,norm_squared,0,40,0.8365375616316804,0.20481927710843373
cell_bootstrap,drug1,zero,norm_squared,0,41,0.8846304781189959,0.28205128205128205
cell_bootstrap,drug1,zero,norm_squared,0,42,0.9017679216210502,0.6666666666666666
cell_bootstrap,drug1,zero,norm_squared,0,43,0.9821879027480388,0.6129032258064516
cell_bootstrap,drug1,zero,norm_squared,0,44,0.9780896126265757,0.8181818181818182
cell_bootstrap,drug1,zero,norm_squared,0,45,0.9684591829045391,0.7241379310344828
cell_bootstrap,drug1,zero,norm_squared,0,46,0.9517162259543608,0.6949152542372882
cell_bootstrap,drug1,zero,norm_squared,0,47,0.9582344739247001,0.7241379310344828
cell_bootstrap,drug1,zero,norm_squared,0,48,0.8580528552449725,0.35135135135135137
cell_bootstrap,drug1,zero,norm_squared,0,49,0.7959624894651773,0.2987012987012987
cell_bootstrap,drug1,zero,norm_squared,0,50,0.9707426463464057,0.8867924528301887
cell_bootstrap,drug1,zero,norm_squared,0,51,0.8619693424903513,0.3157894736842105
cell_bootstrap,drug1,zero,norm_squared,0,52,0.8808167853540875,0.3698630136986301
cell_bootstrap,drug1,zero,norm_squared,0,53,0.8552816429348142,0.3157894736842105
cell_bootstrap,drug1,zero,norm_squared,0,54,0.8762253204715695,0.3333333333333333
cell_bootstrap,drug1,zero,norm_squared,0,55,0.955516618100545,0.8518518518518519
cell_bootstrap,drug1,zero,norm_squared,0,56,0.8632166757067097,0.2987012987012987
cell_bootstrap,drug1,zero,norm_squared,0,57,0.8035053061228793,0.26582278481012656
cell_bootstrap,drug1,zero,norm_squared,0,58,0.9635669219544065,0.7543859649122807
cell_bootstrap,drug1,zero,norm_squared,0,59,0.8562469642564571,0.5384615384615384
cell_bootstrap,drug1,zero,norm_squared,0,60,0.9648270810177111,0.7543859649122807
cell_bootstrap,drug1,zero,norm_squared,0,61,0.9001563987575061,0.5873015873015873
cell_bootstrap,drug1,zero,norm_squared,0,62,0.8787217614738317,0.3333333333333333
cell_bootstrap,drug1,zero,norm_squared,0,63,0.9891516310159194,0.8518518518518519
cell_bootstrap,drug1,zero,norm_squared,0,64,0.9318966102903866,0.5873015873015873
cell_bootstrap,drug1,zero,norm_squared,0,65,0.8808764909900406,0.6129032258064516
cell_bootstrap,drug1,zero,norm_squared,0,66,0.8157303204821829,0.2987012987012987
cell_bootstrap,drug1,zero,norm_squared,0,67,0.9836947082146263,0.6666666666666666
cell_bootstrap,drug1,zero,norm_squared,0,68,0.952506515723205,0.6949152542372882
cell_bootstrap,drug1,zero,norm_squared,0,69,0.8822518042162553,0.28205128205128205
cell_bootstrap,drug1,zero,norm_squared,0,70,0.8960067876863462,0.3888888888888889
cell_bootstrap,drug1,zero,norm_squared,0,71,0.9704329949079494,0.7543859649122807
cell_bootstrap,drug1,zero,norm_squared,0,72,0.948353999860141,0.7241379310344828
cell_bootstrap,drug1,zero,norm_squared,0,73,0.9532726625170932,0.5384615384615384
cell_bootstrap,drug1,zero,norm_squared,0,74,0.8198475569164106,0.16279069767441862
cell_bootstrap,drug1,zero,norm_squared,0,75,0.9823690439045182,0.8181818181818182
cell_bootstrap,drug1,zero,norm_squared,0,76,0.9777788114873533,0.639344262295082
cell_bootstrap,drug1,zero,norm_squared,0,77,0.8022307664697294,0.3157894736842105
cell_bootstrap,drug1,zero,norm_squared,0,78,0.8825308514045686,0.3157894736842105
cell_bootstrap,drug1,zero,norm_squared,0,79,0.9132142714882471,0.9607843137254902
cell_bootstrap,drug1,zero,norm_squared,0,80,0.8645423007862005,0.2987012987012987
cell_bootstrap,drug1,zero,norm_squared,0,81,0.9675568246896469,0.7241379310344828
cell_bootstrap,drug1,zero,norm_squared,0,82,0.8012088125896191,0.28205128205128205
cell_bootstrap,drug1,zero,norm_squared,0,83,0.9193598581182703,0.5873015873015873
cell_bootstrap,drug1,zero,norm_squared,0,84,0.9294648121759274,0.5873015873015873
cell_bootstrap,drug1,zero,norm_squared,0,85,0.7537050880750129,0.16279069767441862
cell_bootstrap,drug1,zero,norm_squared,0,86,0.973030403832,0.7241379310344828
cell_bootstrap,drug1,zero,norm_squared,0,87,0.9591984252305583,0.6949152542372882
cell_bootstrap,drug1,zero,norm_squared,0,88,0.9570761127767045,0.639344262295082
cell_bootstrap,drug1,zero,norm_squared,0,89,0.9749934889929684,0.6129032258064516
cell_bootstrap,drug1,zero,norm_squared,0,90,0.9700379152081318,0.8181818181818182
cell_bootstrap,drug1,zero,norm_squared,0,91,0.8101210172641483,0.20481927710843373
cell_bootstrap,drug1,zero,norm_squared,0,92,0.9794024897301943,0.6666666666666666
cell_bootstrap,drug1,zero,norm_squared,0,93,0.9848873390164469,0.7543859649122807
cell_bootstrap,drug1,zero,norm_squared,0,94,0.9847774640995383,0.6666666666666666
cell_bootstrap,drug1,zero,norm_squared,0,95,0.919005285776634,0.5151515151515151
cell_bootstrap,drug1,zero,norm_squared,0,96,0.9800748923586502,0.6949152542372882
cell_bootstrap,drug1,zero,norm_squared,0,97,0.9568315521588896,0.7543859649122807
cell_bootstrap,drug1,zero,norm_squared,0,98,0.8635804102741929,0.3698630136986301
cell_bootstrap,drug1,zero,norm_squared,0,99,0.9872037952355618,0.8518518518518519
