cell_type,sample_id,arm,n_cells
Astrocyte,D20-6407,control,50
Astrocyte,D20-6408,control_GENUS,39
Astrocyte,D20-6409,cisplatin,35
Astrocyte,D20-6410,cisplatin_GENUS,20
Astrocyte,D21-2746,control,355
Astrocyte,D21-2747,control,159
Astrocyte,D21-2748,control_GENUS,153
Astrocyte,D21-2749,control_GENUS,181
Astrocyte,D21-2750,cisplatin,157
Astrocyte,D21-2751,cisplatin,104
Astrocyte,D21-2752,cisplatin_GENUS,92
Astrocyte,D21-2753,cisplatin_GENUS,92
Choroid Plexus,D20-6407,control,28
Choroid Plexus,D20-6408,control_GENUS,18
Choroid Plexus,D20-6409,cisplatin,133
Choroid Plexus,D20-6410,cisplatin_GENUS,42
Choroid Plexus,D21-2746,control,93
Choroid Plexus,D21-2747,control,132
Choroid Plexus,D21-2748,control_GENUS,209
Choroid Plexus,D21-2749,control_GENUS,509
Choroid Plexus,D21-2750,cisplatin,918
Choroid Plexus,D21-2751,cisplatin,113
Choroid Plexus,D21-2752,cisplatin_GENUS,253
Choroid Plexus,D21-2753,cisplatin_GENUS,180
Endothelial,D20-6407,control,73
Endothelial,D20-6408,control_GENUS,19
Endothelial,D20-6409,cisplatin,111
Endothelial,D20-6410,cisplatin_GENUS,29
Endothelial,D21-2746,control,235
Endothelial,D21-2747,control,91
Endothelial,D21-2748,control_GENUS,105
Endothelial,D21-2749,control_GENUS,162
Endothelial,D21-2750,cisplatin,157
Endothelial,D21-2751,cisplatin,130
Endothelial,D21-2752,cisplatin_GENUS,71
Endothelial,D21-2753,cisplatin_GENUS,107
Ependymal,D20-6407,control,4
Ependymal,D20-6409,cisplatin,10
Ependymal,D21-2746,control,26
Ependymal,D21-2747,control,19
Ependymal,D21-2748,control_GENUS,18
Ependymal,D21-2749,control_GENUS,20
Ependymal,D21-2750,cisplatin,11
Ependymal,D21-2751,cisplatin,15
Ependymal,D21-2752,cisplatin_GENUS,2
Ependymal,D21-2753,cisplatin_GENUS,9
Fibroblast,D20-6409,cisplatin,3
Fibroblast,D21-2746,control,1
Fibroblast,D21-2747,control,3
Fibroblast,D21-2748,control_GENUS,1
Fibroblast,D21-2749,control_GENUS,3
Fibroblast,D21-2750,cisplatin,3
Fibroblast,D21-2751,cisplatin,3
Fibroblast,D21-2752,cisplatin_GENUS,4
Fibroblast,D21-2753,cisplatin_GENUS,5
Immune,D20-6407,control,30
Immune,D20-6408,control_GENUS,10
Immune,D20-6409,cisplatin,24
Immune,D20-6410,cisplatin_GENUS,6
Immune,D21-2746,control,49
Immune,D21-2747,control,61
Immune,D21-2748,control_GENUS,67
Immune,D21-2749,control_GENUS,52
Immune,D21-2750,cisplatin,44
Immune,D21-2751,cisplatin,29
Immune,D21-2752,cisplatin_GENUS,16
Immune,D21-2753,cisplatin_GENUS,36
Microglia,D20-6407,control,176
Microglia,D20-6408,control_GENUS,78
Microglia,D20-6409,cisplatin,168
Microglia,D20-6410,cisplatin_GENUS,42
Microglia,D21-2746,control,808
Microglia,D21-2747,control,510
Microglia,D21-2748,control_GENUS,474
Microglia,D21-2749,control_GENUS,701
Microglia,D21-2750,cisplatin,516
Microglia,D21-2751,cisplatin,223
Microglia,D21-2752,cisplatin_GENUS,155
Microglia,D21-2753,cisplatin_GENUS,214
Neuron,D20-6407,control,22
Neuron,D20-6408,control_GENUS,6
Neuron,D20-6409,cisplatin,7
Neuron,D20-6410,cisplatin_GENUS,2
Neuron,D21-2746,control,81
Neuron,D21-2747,control,32
Neuron,D21-2748,control_GENUS,42
Neuron,D21-2749,control_GENUS,61
Neuron,D21-2750,cisplatin,9
Neuron,D21-2751,cisplatin,6
Neuron,D21-2752,cisplatin_GENUS,8
Neuron,D21-2753,cisplatin_GENUS,11
OPC,D20-6407,control,46
OPC,D20-6408,control_GENUS,25
OPC,D20-6409,cisplatin,51
OPC,D20-6410,cisplatin_GENUS,18
OPC,D21-2746,control,156
OPC,D21-2747,control,78
OPC,D21-2748,control_GENUS,67
OPC,D21-2749,control_GENUS,69
OPC,D21-2750,cisplatin,43
OPC,D21-2751,cisplatin,28
OPC,D21-2752,cisplatin_GENUS,21
OPC,D21-2753,cisplatin_GENUS,33
Oligodendrocyte,D20-6407,control,158
Oligodendrocyte,D20-6408,control_GENUS,58
Oligodendrocyte,D20-6409,cisplatin,122
Oligodendrocyte,D20-6410,cisplatin_GENUS,74
Oligodendrocyte,D21-2746,control,623
Oligodendrocyte,D21-2747,control,547
Oligodendrocyte,D21-2748,control_GENUS,305
Oligodendrocyte,D21-2749,control_GENUS,507
Oligodendrocyte,D21-2750,cisplatin,471
Oligodendrocyte,D21-2751,cisplatin,262
Oligodendrocyte,D21-2752,cisplatin_GENUS,193
Oligodendrocyte,D21-2753,cisplatin_GENUS,219
Pericyte,D20-6407,control,15
Pericyte,D20-6408,control_GENUS,5
Pericyte,D20-6409,cisplatin,27
Pericyte,D20-6410,cisplatin_GENUS,8
Pericyte,D21-2746,control,69
Pericyte,D21-2747,control,26
Pericyte,D21-2748,control_GENUS,22
Pericyte,D21-2749,control_GENUS,48
Pericyte,D21-2750,cisplatin,38
Pericyte,D21-2751,cisplatin,23
Pericyte,D21-2752,cisplatin_GENUS,30
Pericyte,D21-2753,cisplatin_GENUS,35
Progenitor,D20-6407,control,4
Progenitor,D20-6408,control_GENUS,2
Progenitor,D20-6409,cisplatin,1
Progenitor,D21-2746,control,38
Progenitor,D21-2747,control,32
Progenitor,D21-2748,control_GENUS,25
Progenitor,D21-2749,control_GENUS,37
Progenitor,D21-2750,cisplatin,5
Progenitor,D21-2751,cisplatin,5
Progenitor,D21-2752,cisplatin_GENUS,1
Progenitor,D21-2753,cisplatin_GENUS,4
