study,sample_id,arm,source_cell_type,n_cells
GSE216146,D20-6407,control,Astrocyte,50
GSE216146,D20-6407,control,Choroid Plexus,28
GSE216146,D20-6407,control,Endothelial,73
GSE216146,D20-6407,control,Ependymal,4
GSE216146,D20-6407,control,Immune,30
GSE216146,D20-6407,control,Microglia,176
GSE216146,D20-6407,control,Neuron,22
GSE216146,D20-6407,control,OPC,46
GSE216146,D20-6407,control,Oligodendrocyte,158
GSE216146,D20-6407,control,Pericyte,15
GSE216146,D20-6407,control,Progenitor,4
GSE216146,D20-6408,control_GENUS,Astrocyte,39
GSE216146,D20-6408,control_GENUS,Choroid Plexus,18
GSE216146,D20-6408,control_GENUS,Endothelial,19
GSE216146,D20-6408,control_GENUS,Immune,10
GSE216146,D20-6408,control_GENUS,Microglia,78
GSE216146,D20-6408,control_GENUS,Neuron,6
GSE216146,D20-6408,control_GENUS,OPC,25
GSE216146,D20-6408,control_GENUS,Oligodendrocyte,58
GSE216146,D20-6408,control_GENUS,Pericyte,5
GSE216146,D20-6408,control_GENUS,Progenitor,2
GSE216146,D20-6409,cisplatin,Astrocyte,35
GSE216146,D20-6409,cisplatin,Choroid Plexus,133
GSE216146,D20-6409,cisplatin,Endothelial,111
GSE216146,D20-6409,cisplatin,Ependymal,10
GSE216146,D20-6409,cisplatin,Fibroblast,3
GSE216146,D20-6409,cisplatin,Immune,24
GSE216146,D20-6409,cisplatin,Microglia,168
GSE216146,D20-6409,cisplatin,Neuron,7
GSE216146,D20-6409,cisplatin,OPC,51
GSE216146,D20-6409,cisplatin,Oligodendrocyte,122
GSE216146,D20-6409,cisplatin,Pericyte,27
GSE216146,D20-6409,cisplatin,Progenitor,1
GSE216146,D20-6410,cisplatin_GENUS,Astrocyte,20
GSE216146,D20-6410,cisplatin_GENUS,Choroid Plexus,42
GSE216146,D20-6410,cisplatin_GENUS,Endothelial,29
GSE216146,D20-6410,cisplatin_GENUS,Immune,6
GSE216146,D20-6410,cisplatin_GENUS,Microglia,42
GSE216146,D20-6410,cisplatin_GENUS,Neuron,2
GSE216146,D20-6410,cisplatin_GENUS,OPC,18
GSE216146,D20-6410,cisplatin_GENUS,Oligodendrocyte,74
GSE216146,D20-6410,cisplatin_GENUS,Pericyte,8
GSE216146,D21-2746,control,Astrocyte,355
GSE216146,D21-2746,control,Choroid Plexus,93
GSE216146,D21-2746,control,Endothelial,235
GSE216146,D21-2746,control,Ependymal,26
GSE216146,D21-2746,control,Fibroblast,1
GSE216146,D21-2746,control,Immune,49
GSE216146,D21-2746,control,Microglia,808
GSE216146,D21-2746,control,Neuron,81
GSE216146,D21-2746,control,OPC,156
GSE216146,D21-2746,control,Oligodendrocyte,623
GSE216146,D21-2746,control,Pericyte,69
GSE216146,D21-2746,control,Progenitor,38
GSE216146,D21-2747,control,Astrocyte,159
GSE216146,D21-2747,control,Choroid Plexus,132
GSE216146,D21-2747,control,Endothelial,91
GSE216146,D21-2747,control,Ependymal,19
GSE216146,D21-2747,control,Fibroblast,3
GSE216146,D21-2747,control,Immune,61
GSE216146,D21-2747,control,Microglia,510
GSE216146,D21-2747,control,Neuron,32
GSE216146,D21-2747,control,OPC,78
GSE216146,D21-2747,control,Oligodendrocyte,547
GSE216146,D21-2747,control,Pericyte,26
GSE216146,D21-2747,control,Progenitor,32
GSE216146,D21-2748,control_GENUS,Astrocyte,153
GSE216146,D21-2748,control_GENUS,Choroid Plexus,209
GSE216146,D21-2748,control_GENUS,Endothelial,105
GSE216146,D21-2748,control_GENUS,Ependymal,18
GSE216146,D21-2748,control_GENUS,Fibroblast,1
GSE216146,D21-2748,control_GENUS,Immune,67
GSE216146,D21-2748,control_GENUS,Microglia,474
GSE216146,D21-2748,control_GENUS,Neuron,42
GSE216146,D21-2748,control_GENUS,OPC,67
GSE216146,D21-2748,control_GENUS,Oligodendrocyte,305
GSE216146,D21-2748,control_GENUS,Pericyte,22
GSE216146,D21-2748,control_GENUS,Progenitor,25
GSE216146,D21-2749,control_GENUS,Astrocyte,181
GSE216146,D21-2749,control_GENUS,Choroid Plexus,509
GSE216146,D21-2749,control_GENUS,Endothelial,162
GSE216146,D21-2749,control_GENUS,Ependymal,20
GSE216146,D21-2749,control_GENUS,Fibroblast,3
GSE216146,D21-2749,control_GENUS,Immune,52
GSE216146,D21-2749,control_GENUS,Microglia,701
GSE216146,D21-2749,control_GENUS,Neuron,61
GSE216146,D21-2749,control_GENUS,OPC,69
GSE216146,D21-2749,control_GENUS,Oligodendrocyte,507
GSE216146,D21-2749,control_GENUS,Pericyte,48
GSE216146,D21-2749,control_GENUS,Progenitor,37
GSE216146,D21-2750,cisplatin,Astrocyte,157
GSE216146,D21-2750,cisplatin,Choroid Plexus,918
GSE216146,D21-2750,cisplatin,Endothelial,157
GSE216146,D21-2750,cisplatin,Ependymal,11
GSE216146,D21-2750,cisplatin,Fibroblast,3
GSE216146,D21-2750,cisplatin,Immune,44
GSE216146,D21-2750,cisplatin,Microglia,516
GSE216146,D21-2750,cisplatin,Neuron,9
GSE216146,D21-2750,cisplatin,OPC,43
GSE216146,D21-2750,cisplatin,Oligodendrocyte,471
GSE216146,D21-2750,cisplatin,Pericyte,38
GSE216146,D21-2750,cisplatin,Progenitor,5
GSE216146,D21-2751,cisplatin,Astrocyte,104
GSE216146,D21-2751,cisplatin,Choroid Plexus,113
GSE216146,D21-2751,cisplatin,Endothelial,130
GSE216146,D21-2751,cisplatin,Ependymal,15
GSE216146,D21-2751,cisplatin,Fibroblast,3
GSE216146,D21-2751,cisplatin,Immune,29
GSE216146,D21-2751,cisplatin,Microglia,223
GSE216146,D21-2751,cisplatin,Neuron,6
GSE216146,D21-2751,cisplatin,OPC,28
GSE216146,D21-2751,cisplatin,Oligodendrocyte,262
GSE216146,D21-2751,cisplatin,Pericyte,23
GSE216146,D21-2751,cisplatin,Progenitor,5
GSE216146,D21-2752,cisplatin_GENUS,Astrocyte,92
GSE216146,D21-2752,cisplatin_GENUS,Choroid Plexus,253
GSE216146,D21-2752,cisplatin_GENUS,Endothelial,71
GSE216146,D21-2752,cisplatin_GENUS,Ependymal,2
GSE216146,D21-2752,cisplatin_GENUS,Fibroblast,4
GSE216146,D21-2752,cisplatin_GENUS,Immune,16
GSE216146,D21-2752,cisplatin_GENUS,Microglia,155
GSE216146,D21-2752,cisplatin_GENUS,Neuron,8
GSE216146,D21-2752,cisplatin_GENUS,OPC,21
GSE216146,D21-2752,cisplatin_GENUS,Oligodendrocyte,193
GSE216146,D21-2752,cisplatin_GENUS,Pericyte,30
GSE216146,D21-2752,cisplatin_GENUS,Progenitor,1
GSE216146,D21-2753,cisplatin_GENUS,Astrocyte,92
GSE216146,D21-2753,cisplatin_GENUS,Choroid Plexus,180
GSE216146,D21-2753,cisplatin_GENUS,Endothelial,107
GSE216146,D21-2753,cisplatin_GENUS,Ependymal,9
GSE216146,D21-2753,cisplatin_GENUS,Fibroblast,5
GSE216146,D21-2753,cisplatin_GENUS,Immune,36
GSE216146,D21-2753,cisplatin_GENUS,Microglia,214
GSE216146,D21-2753,cisplatin_GENUS,Neuron,11
GSE216146,D21-2753,cisplatin_GENUS,OPC,33
GSE216146,D21-2753,cisplatin_GENUS,Oligodendrocyte,219
GSE216146,D21-2753,cisplatin_GENUS,Pericyte,35
GSE216146,D21-2753,cisplatin_GENUS,Progenitor,4
GSE271055,GSM8367861,control,unannotated,9455
GSE271055,GSM8367862,doxorubicin,unannotated,10518
GSE271055,GSM8367863,doxorubicin_ACY1083,unannotated,11919
