seed,scope,n_assignments,observed_shared_fraction,upper_tail_count,exact_upper_tail_p,reference_min,reference_median,reference_max
0,combined_16,16,0.6213995814323425,13,0.8125,0.2050911635160446,0.936352550983429,0.9942834377288818
0,cis_only_dox_fixed_8,8,0.6213995814323425,5,0.625,0.2050911635160446,0.7170150578022003,0.9814234375953674
0,dox_only_cis_fixed_2,2,0.6213995814323425,2,1.0,0.6213995814323425,0.8047106564044952,0.988021731376648
1,combined_16,16,0.9695421457290648,2,0.125,0.1159295886754989,0.9409582912921906,0.9847370982170104
1,cis_only_dox_fixed_8,8,0.9695421457290648,1,0.125,0.1511649787425995,0.9470572471618652,0.9695421457290648
1,dox_only_cis_fixed_2,2,0.9695421457290648,1,0.5,0.7069534659385681,0.8382478058338165,0.9695421457290648
2,combined_16,16,0.7377244234085083,12,0.75,0.1617137640714645,0.8340986967086792,0.9860759377479552
2,cis_only_dox_fixed_8,8,0.7377244234085083,6,0.75,0.1617137640714645,0.7972963154315948,0.9756394028663636
2,dox_only_cis_fixed_2,2,0.7377244234085083,2,1.0,0.7377244234085083,0.8395387530326843,0.9413530826568604
